[{"username":"Cader","score":400,"country_code":"BD","country":"Bangladesh","email":"cadersoft@gmail.com","date":"2019-08-16T10:57:16.890Z"},{"username":"Meera","score":800,"country_code":"GB","country":"United Kingdom","email":"mcader@hasnatech.com","date":"2019-08-17T07:49:24.238Z"},{"username":"Cader","score":800,"country_code":"BD","country":"Bangladesh","email":"m@g.com","date":"2019-08-17T07:52:49.273Z"},{"username":"Sahib","score":800,"country_code":"IN","country":"India","email":"i@j.com","date":"2019-08-17T07:53:42.118Z"}]