[{"name":"Dr Cool","country":"Sachsen","score":8400},{"name":"refKid","country":"Turkey","score":8400},{"name":"Grumpy76","country":"Hull","score":8200},{"name":"duh_Man","country":"Denmark","score":8200},{"name":"98xBummer","country":"France_Lille","score":8200},{"name":"Dr Cool","country":"Sachsen","score":8200},{"name":"refKid","country":"Turkey","score":8000},{"name":"Grumpy76","country":"Hull","score":8000},{"name":"duh_Man","country":"Denmark","score":8000},{"name":"98xBummer","country":"France_Lille","score":8000},{"name":"Cader","country":"Bangladesh","score":400},{"name":"Meera","country":"United Kingdom","score":800},{"name":"Cader","country":"Bangladesh","score":800},{"name":"Sahib","country":"India","score":800}]