{
    "welcome" : "Bem-vindo ao",
    "game" : "CoolGame III",
    "your_task" : "Sua missão",
    "next" : "Próximo",
    "txt1" : "substituir o fluido refrigerante em um sistema com <b class='font-bold'>R404A </b>e determinar as consequências.<br>Teste seus conhecimentos e habilidade e concorra a um prêmio!",
    "instr": "Clique aqui para ler as regras e termos.",
    
    "txt4" : "1. Selecione o sistema",
    "txt5" : "2. Selecione o novo refrigerante",
    "txt6" : "3. Determine as consequências",
    "txt7" : "<p>Para obter as mesmas funções e temperaturas, como você deve trocar os componentes e a configuração?</p>",
    
    "title_1" : "Você trocou de R404A para <span class='font-semibold text-ref'>R448A</span>. Como isso afetará o sistema?",
    "title_2" : "Você trocou de R404A para <span class='font-semibold text-ref'>R449A</span>. Como isso afetará o sistema?",
    "title_3" : "Você trocou de R404A para <span class='font-semibold text-ref'>R450A</span>. Como isso afetará o sistema?",
    "title_4" : "Você trocou de R404A para <span class='font-semibold text-ref'>R452A</span>. Como isso afetará o sistema?",
    "title_5" : "Você trocou de R404A para <span class='font-semibold text-ref'>R513A</span>. Como isso afetará o sistema?",
    "title_6" : "Você trocou de R404A para <span class='font-semibold text-ref'>R449A</span>. Como isso afetará o sistema?",
    "title_7" : "Você trocou de R404A para <span class='font-semibold text-ref'>R452A</span>. Como isso afetará o sistema?",

    "quiz1_q" : "1) A linha de líquido é",
    "quiz2_q" : "2) A válvula solenoide é",
    "quiz3_q" : "3) A capacidade da válvula de expansão é",
    "quiz4_q" : "4) O evaporador é",
    "quiz5_q" : "5) E o superaquecimento?",
    "quiz6_q" : "6) O compressor é",
    "quiz7_q" : "7) O condensador é", 
    "ch_0"  : " OK",
    "ch_1"  : " Grande demais",
    "ch_2"  : " Pequeno(a) demais"  ,
    "ch_3"  : " Precisa ser ajustado(a).",
    "ch_4"  : " Uma nova válvula é necessária.",

    "play" : "Jogue!",

    "select_system": "Selecione o sistema",
    "cold_room" : "Câmara fria 5°C/40°F",
    "freezer_room" : "Congelador -18°C/0°F",

    "cr":"Câmara fria",
    "fr":"Congelador",

    "select_new": "Selecione o novo refrigerante",

    "determine" : "Determine as consequências",
    "to_obtain" : "Para obter as mesmas funções e temperaturas, como você deve trocar os componentes e a configuração?",
    "submit"    :"Enviar",
    "challenge" :"Próximo desafio",
    "no_thanks" :"Não, obrigado.",
    "hide"      :"Hide answer",
    "show"      :"Show answer",
    "your_score":"Sua pontuação",
    "cold_room_score":"Câmara fria Ponto",
    "freezer_room_score":"Congelador Ponto",
    "total"     :"Total",
    "total_all" :"Total geral ",
    "out"       :" fora de ",
    "wishes"    :"Bom trabalho! Deseja continuar?",
    "play_again":"Jogar novamente",
   
    "refrigerant_title":"sistema",
    "test"      :"test",
    "refrigerant":"REFRIGERANTE",
    "temp"      :"TEMPERATURA",
    "result"    :"Enviar meu resultado para o Ranking",
    "nick_name" :"Apelido",
    "your name" :"your name",
    "country"   :"Country",
    "select_country":"Select Country",
    "wall"      :"Ranking",
    "region"    :"País / região",
    "score"     :"Ponto",
    "winning_price":"Do you want to get a chance to win a prize?",
    "signup"    :"Cadastre-se abaixo para acessar.",
    "want_win"  :"Quero ganhar!",
    "arround_world":"Você possui o conhecimento necessário para competir com especialistas da indústria ao redor do mundo?",
    "world_competition":"Cadastre-se para a competição internacional e concorra ao prêmio!",
    "register"  :"Registre-se abaixo:",
    "protect_information":"*A Danfoss segue as normas europeias de proteção de dados e garante que as suas informações fornecidas serão mantidas com segurança e responsabilidade. ",
    "your_nick_name":"Seu apelido",
    "your_Score"    :"Sua pontuação",
    "your_country(region)":"Seu país (região)",
    "your_email_address":"* Seu e-mail",
   "your_email" :"* Seu e-mail",
   "sign_up"    :"Sign up",
   "Thanks_for_play":"Obrigado por jogar o CoolGame III!",
    "invite"    :"Invite",
    "invite_friend":"Convidar um amigo para jogar? ",
    "tools"     :"Tools",
    "free_tool" :"Conhecer nossas ferramentas gratuitas?",
    "e-lesson"  :"e-Lesson",
    "free_lesson":"Fazer algumas e-lessons gratuitas",
    "social_media":"Receba atualizações sobre a competição – siga a Danfoss nas redes sociais.",
    
    "email_policy1" : "We won't send you anything or use your email for anything else than this game. It's just so we can contact you in case you win! Want to read all the competition rules? Just go ",
    "email_policy2" : "For our full privacy policy, you can go ",
    "email_policy3" : "By submitting to this Cool Game III you accept and consent to the competition rules and the Danfoss Privacy Policy.",
    "here" : "here",
    
    "choose_lang" : "Choose your language",
    "rules_title" : "Contest rules and Conditions",
    "rules" : [
        "<h2>General Terms and Conditions for participants </h2>",
        "<p>The <b>#RefrigerantCoolgame</b> takes place over the period 20th August 2019 at 13:30 CET (Central European Time) to 30th September 2019 at 23:59 CET. </p>",
        "<p>No purchase or donation necessary. Void where prohibited. A purchase or donation will not increase your likelihood of winning. </p>",
        "<p>The competition is open to HVAC-R industry professionals over the age of 18 years from worldwide. The competition is not open to the Danfoss employees and their family. By playing the game, you agree to subscribe to the Danfoss newsletter. You can unsubscribe from the newsletter at any time.</p>",
        "<p>There are no limits to how many times you can play the game.</p>",
        "<h2>Winners</h2>",
        "<p>On the 30th September, 300 winners will be drawn from all the registered participants to receive a Refrigerant expert tee-shirt. There will be 300 winners in total.</p>",
        "<p>The winners are selected among the top participants who have achieved the highest score by the end of this period. Winning depends on being among the 300 participants with the highest score, which depends on the total number of participants and the individual score of each participant. </p>",
        "<p>Each winner will be contacted directly via the email address provided when registering for the competition. After being notified of the prize, the winner has 72 hours to respond to the email notification and accept the prize. Should this not happen, they will lose the right to the prize, and a new winner will be drawn. The alternates will be selected based on the highest scores as ranked in the wall of fame. If no-one claims the prize, the prize will not be awarded. The winner bears the risk relating to Danfoss receiving their acceptance of the prize within the 72 hours. </p>", 
        "<p>The winners’ first name and country of residence will be announced on the website <a href='http://www.danfoss.com' target='_blank'>www.danfoss.com</a> and on related country Danfoss website no later than 21 days after the close of the competition. By taking part in the competition, you accept these General Terms and Conditions of the competition and give your consent to the publication of your name and country. </p>",
        "<h2>Alternative method of entry</h2>",
        "<p>You may also enter the competition by mailing a postcard to Danfoss Commercial Compressors – BP331 – ZI Reyrieux – 01603 Trevoux - FRANCE, with your name, photo and contact information. Be sure to identify on the postcard your desire to enter the #RefrigerantCoolgame and write all the questions and correct answers. The postcard must be received within the competition period. Multiple entrants are not permitted to use the same postcard. Any attempt by any entrant to obtain more than one entry by using multiple/different names and contact information will void that entrant's entry and that entrant will be disqualified.</p>",
        "<h2>Prize</h2>",
        "<p>There will be 300 prizes for a total of 300 winners, one prize for each winner. Participants are only eligible to win one prize. When the first prize is won, that winner is ineligible for a second prize. The prize cannot be exchanged for cash or other goods.</p>",
        "<p>300 refrigerant expert t-shirts, each with a value of EUR 12 excl. VAT.</p>",
        "<p>The winners will be contacted directly. </p>",
        "<p>Danfoss reserves the right to exclude users upon suspicion of cheating or encouraging others to cheat. </p>",
        "<h2>Taxation</h2>",
        "<p>Danfoss may be asked by tax authorities to disclose the identity of participants and the monetary value of services received. Please note that the prize, depending on national taxation laws, may be taxable. It is the responsibility of the participant to pay taxes on prizes in accordance with applicable taxation laws. Danfoss assumes no obligation to the participants in relation to the transfer of the prizes or the reporting of prizes to authorities. The participant hereby waives all claims against Danfoss in this regard.</p>",
        "<h2>Data protection and marketing</h2>",
        "<p>Personal Data provided in connection with the competition will be handled in accordance with current legislation and will thus be treated as confidential. Personal Data provided by participants will only be processed within the scope of the game and to propose you to subscribe to the Danfoss Newsletter. Personal Data will not be processed for other purposes without prior consent by the participants or shared with third parties.</p>",
        "<p>Personal Data is collected, saved and stored on servers located either on the territory of European Union, or in countries approved as having adequate data protection laws, and either by Danfoss owned servers or servers hosted by authorized service provider bound by agreement with Danfoss. Data are accessible only by relevant Danfoss authorized employees.</p>",
        "<p>The competition is held by:</p>",
        "<p>Danfoss Commercial Compressors<br>Cooling Segment<br>BP331 – ZI Reyrieux<br>FR- 01603 Trevoux<br>France</p>",
        "<p>Any questions concerning the competition should be directed to Laure Durrbach at <a href='mailto:l_durrbach@danfoss.com'>l_durrbach@danfoss.com</a> </p>"
    ]
}