{
  "welcome" : "Bienvenue sur",
  "game" : "CoolGame III",
  "your_task" : "Votre tâche",
  "next" : "Prochain",
  "txt1" : "remplacer le réfrigérant dans un système <b class='font-bold'>R404A </b>et en déterminer les conséquences.<br>Défiez vos connaissances et vos compétences pour tentez de gagner un cadeau !",
  "instr": "Cliquez ici pour lire les conditions de participations et règlement du jeu.",
  
  "txt4" : "1. Sélectionnez le système",
  "txt5" : "2. Sélectionnez le nouveau réfrigérant",
  "txt6" : "3. Déterminer les conséquences",
  "txt7" : "<p>Pour obtenir les mêmes fonctions et les mêmes températures, comment allez-vous modifier la configuration et les composants?</p>",
  
  "title_1" : "Vous êtes passé du R404A au <span class='font-semibold text-ref'>R448A</span>. Comment cela affectera-t-il le système?",
  "title_2" : "Vous êtes passé du R404A au <span class='font-semibold text-ref'>R449A</span>. Comment cela affectera-t-il le système?",
  "title_3" : "Vous êtes passé du R404A au <span class='font-semibold text-ref'>R450A</span>. Comment cela affectera-t-il le système?",
  "title_4" : "Vous êtes passé du R404A au <span class='font-semibold text-ref'>R452A</span>. Comment cela affectera-t-il le système?",
  "title_5" : "Vous êtes passé du R404A au <span class='font-semibold text-ref'>R513A</span>. Comment cela affectera-t-il le système?",
  "title_6" : "Vous êtes passé du R404A au <span class='font-semibold text-ref'>R449A</span>. Comment cela affectera-t-il le système?",
  "title_7" : "Vous êtes passé du R404A au <span class='font-semibold text-ref'>R452A</span>. Comment cela affectera-t-il le système?",

  "quiz1_q" : "1) Est-ce que la ligne liquide",
  "quiz2_q" : "2) Est-ce que l'électrovanne",
  "quiz3_q" : "3) Est-ce que la capacité du détendeur",
  "quiz4_q" : "4) Est-ce que l'évaporateur",
  "quiz5_q" : "5) Qu'en est-il de la surchauffe?",
  "quiz6_q" : "6) Est-ce que le compresseur",
  "quiz7_q" : "7) Est-ce que le condensateur", 
  "ch_0"  : " D'accord",
  "ch_1"  : " Trop grand",
  "ch_2"  : " Trop petit"  ,
  "ch_3"  : " Doit être ajusté",
  "ch_4"  : " Nouvelle vanne nécessaire",

  "play" : "Jouer",

  "select_system": "Sélectionnez le système",
  "cold_room" : "Chambre froide 5°C/40°F",
  "freezer_room" : "Congélateur -18°C/0°F",

  "cr":"Chambre froide",
  "fr":"Congélateur",

  "select_new": "Sélectionnez le nouveau réfrigérant",

  "determine" : "Déterminer les conséquences",
  "to_obtain" : "Pour obtenir les mêmes fonctions et les mêmes températures, comment allez-vous modifier la configuration et les composants?",
  "submit"    :"Soumettre",
  "challenge" :"Prochain Défi",
  "no_thanks" :"Non merci",
  "hide"      :"Hide answer",
  "show"      :"Show answer",
  "your_score":"Ton score ",
  "cold_room_score":"Chambre froide score",
  "freezer_room_score":"Congélateur score",
  "total"     :"Total",
  "total_all" :"Total général ",
  "out"       :"hors de",
  "wishes"    :"Bon travail! Voulez-vous continuer?  ",
  "play_again":"Rejouer",
 
  "refrigerant_title":"système",
  "test"      :"test",
  "refrigerant":"RÉFRIGÉRANT",
  "temp"      :"températures",
  "result"    :"Envoyer mon résultat à notre Wall of Fame",
  "nick_name" :"Surnom",
  "your name" :"your name",
  "country"   :"Country",
  "select_country":"Select Country",
  "wall"      :"Wall of Fame",
  "region"    :"Pays/région",
  "score"     :"Score",
  "winning_price":"Do you want to get a chance to win a prize?",
  "signup"    :"Inscrivez-vous ci-dessous pour participer.",
  "want_win"  :"Je veux gagner!",
  "arround_world":"Avez-vous ce qu'il faut pour rivaliser avec des experts de l'industrie du monde entier?",
  "world_competition":"Inscrivez-vous au concours international et tentez de gagnez un cadeau!",
  "register"  :"Veuillez vous inscrire ci-dessous: ",
  "protect_information":"* Danfoss se conforme à la réglementation européenne GDPR et garantit ainsi que toute information fournie ici ne sera pas soumise à des abus",
  "your_nick_name":"Ton surnom",
  "your_Score"    :"Ton score",
  "your_country(region)":"Votre pays (région)",
  "your_email_address":"*Votre adresse email",
 "your_email" :"your email",
 "sign_up"    :"Sign up",
 "Thanks_for_play":"Merci d'avoir joué à CoolGame III!",
  "invite"    :"Invite",
  "invite_friend":"Inviter un ami à jouer",
  "tools"     :"Tools",
  "free_tool" :"Accéder à nos outils gratuits",
  "e-lesson"  :"e-Lesson",
  "free_lesson":"Prenez des formations en ligne gratuites",
  "social_media":"Obtenez des mises à jour sur la compétition - suivez Danfoss sur les réseaux sociaux",
  
  "email_policy1" : "We won't send you anything or use your email for anything else than this game. It's just so we can contact you in case you win! Want to read all the competition rules? Just go ",
  "email_policy2" : "For our full privacy policy, you can go ",
  "email_policy3" : "By submitting to this Cool Game III you accept and consent to the competition rules and the Danfoss Privacy Policy.",
  "here" : "here",
  
  "choose_lang" : "Choose your language",
  "rules_title" : "Contest rules and Conditions",
  "rules" : [
      "<h2>General Terms and Conditions for participants </h2>",
      "<p>The <b>#RefrigerantCoolgame</b> takes place over the period 20th August 2019 at 13:30 CET (Central European Time) to 30th September 2019 at 23:59 CET. </p>",
      "<p>No purchase or donation necessary. Void where prohibited. A purchase or donation will not increase your likelihood of winning. </p>",
      "<p>The competition is open to HVAC-R industry professionals over the age of 18 years from worldwide. The competition is not open to the Danfoss employees and their family. By playing the game, you agree to subscribe to the Danfoss newsletter. You can unsubscribe from the newsletter at any time.</p>",
      "<p>There are no limits to how many times you can play the game.</p>",
      "<h2>Winners</h2>",
      "<p>On the 30th September, 300 winners will be drawn from all the registered participants to receive a Refrigerant expert tee-shirt. There will be 300 winners in total.</p>",
      "<p>The winners are selected among the top participants who have achieved the highest score by the end of this period. Winning depends on being among the 300 participants with the highest score, which depends on the total number of participants and the individual score of each participant. </p>",
      "<p>Each winner will be contacted directly via the email address provided when registering for the competition. After being notified of the prize, the winner has 72 hours to respond to the email notification and accept the prize. Should this not happen, they will lose the right to the prize, and a new winner will be drawn. The alternates will be selected based on the highest scores as ranked in the wall of fame. If no-one claims the prize, the prize will not be awarded. The winner bears the risk relating to Danfoss receiving their acceptance of the prize within the 72 hours. </p>", 
      "<p>The winners’ first name and country of residence will be announced on the website <a href='http://www.danfoss.com' target='_blank'>www.danfoss.com</a> and on related country Danfoss website no later than 21 days after the close of the competition. By taking part in the competition, you accept these General Terms and Conditions of the competition and give your consent to the publication of your name and country. </p>",
      "<h2>Alternative method of entry</h2>",
      "<p>You may also enter the competition by mailing a postcard to Danfoss Commercial Compressors – BP331 – ZI Reyrieux – 01603 Trevoux - FRANCE, with your name, photo and contact information. Be sure to identify on the postcard your desire to enter the #RefrigerantCoolgame and write all the questions and correct answers. The postcard must be received within the competition period. Multiple entrants are not permitted to use the same postcard. Any attempt by any entrant to obtain more than one entry by using multiple/different names and contact information will void that entrant's entry and that entrant will be disqualified.</p>",
      "<h2>Prize</h2>",
      "<p>There will be 300 prizes for a total of 300 winners, one prize for each winner. Participants are only eligible to win one prize. When the first prize is won, that winner is ineligible for a second prize. The prize cannot be exchanged for cash or other goods.</p>",
      "<p>300 refrigerant expert t-shirts, each with a value of EUR 12 excl. VAT.</p>",
      "<p>The winners will be contacted directly. </p>",
      "<p>Danfoss reserves the right to exclude users upon suspicion of cheating or encouraging others to cheat. </p>",
      "<h2>Taxation</h2>",
      "<p>Danfoss may be asked by tax authorities to disclose the identity of participants and the monetary value of services received. Please note that the prize, depending on national taxation laws, may be taxable. It is the responsibility of the participant to pay taxes on prizes in accordance with applicable taxation laws. Danfoss assumes no obligation to the participants in relation to the transfer of the prizes or the reporting of prizes to authorities. The participant hereby waives all claims against Danfoss in this regard.</p>",
      "<h2>Data protection and marketing</h2>",
      "<p>Personal Data provided in connection with the competition will be handled in accordance with current legislation and will thus be treated as confidential. Personal Data provided by participants will only be processed within the scope of the game and to propose you to subscribe to the Danfoss Newsletter. Personal Data will not be processed for other purposes without prior consent by the participants or shared with third parties.</p>",
      "<p>Personal Data is collected, saved and stored on servers located either on the territory of European Union, or in countries approved as having adequate data protection laws, and either by Danfoss owned servers or servers hosted by authorized service provider bound by agreement with Danfoss. Data are accessible only by relevant Danfoss authorized employees.</p>",
      "<p>The competition is held by:</p>",
      "<p>Danfoss Commercial Compressors<br>Cooling Segment<br>BP331 – ZI Reyrieux<br>FR- 01603 Trevoux<br>France</p>",
      "<p>Any questions concerning the competition should be directed to Laure Durrbach at <a href='mailto:l_durrbach@danfoss.com'>l_durrbach@danfoss.com</a> </p>"
  ]
}