{
    "welcome" : "Zh Welcome to",
    "game": "CoolGame III",
  "your_task": "Your Task",
  "next": "Next",
  "txt1": "<b class='font-bold'>Replace R404A </b>in your system and determine the consequences.<br>Challenge your knowledge and skill for the chance to win a prize!",
  "instr": "Click here to read the disclaimer and rules.",

  "txt4": "1. Select system",
  "txt5": "2. Select new refrigerant",
  "txt6": "3. Determine the consequences",
  "txt7": "<p>To obtain the same function and temperatures, how will you change the setup and components?</p>",

  "title_1": "You’ve switched from R404A to <span class='font-semibold text-ref'>R448A</span>. How will this affect the system?",
  "title_2": "You’ve switched from R404A to <span class='font-semibold text-ref'>R449A</span>. How will this affect the system?",
  "title_3": "You’ve switched from R404A to <span class='font-semibold text-ref'>R450A</span>. How will this affect the system?",
  "title_4": "You’ve switched from R404A to <span class='font-semibold text-ref'>R452A</span>. How will this affect the system?",
  "title_5": "You’ve switched from R404A to <span class='font-semibold text-ref'>R513A</span>. How will this affect the system?",
  "title_6": "You’ve switched from R404A to <span class='font-semibold text-ref'>R449A</span>. How will this affect the system?",
  "title_7": "You’ve switched from R404A to <span class='font-semibold text-ref'>R452A</span>. How will this affect the system?",

  "quiz1_q": "1) Is the liquid line",
  "quiz2_q": "2) Is the solenoid valve",
  "quiz3_q": "3) Is the expansion valve capacity",
  "quiz4_q": "4) Is the evaporator",
  "quiz5_q": "5) What about the superheat",
  "quiz6_q": "6) Is the compressor",
  "quiz7_q": "7) Is the condenser",
  "ch_0": " OK",
  "ch_1": " Too big",
  "ch_2": " Too small",
  "ch_3": " Must be adjusted",
  "ch_4": " New valve needed"


}
